is_hollow,nan
has_blume,0.0
has_rost_head,0.5923913043478262
has_rost_body,0.47916666666666663
is_bended,0.0
is_violet,0.467275494672755
