is_hollow,0.0
has_blume,0.3356299212598425
has_rost_head,0.48263118994826315
has_rost_body,0.5641646489104115
is_bended,0.6458333333333333
is_violet,0.5901639344262295
