is_hollow,0.0
has_blume,0.27899159663865547
has_rost_head,0.5560538116591929
has_rost_body,0.3676366217175301
is_bended,0.5180952380952382
is_violet,0.6024096385542168
