is_hollow,0.0
has_blume,0.0
has_rost_head,nan
has_rost_body,0.5570776255707762
is_bended,0.5178301275124271
is_violet,0.6475930971843779
