is_hollow,0.0
has_blume,0.0
has_rost_head,0.49230769230769234
has_rost_body,0.646112600536193
is_bended,0.3373493975903614
is_violet,0.0
