is_hollow,0.0
has_blume,0.08732999284180376
has_rost_head,-0.02941176470588247
has_rost_body,0.5159453302961275
is_bended,0.4215938303341902
is_violet,0.42660550458715596
