is_hollow,0.0
has_blume,0.0
has_rost_head,0.5209713024282561
has_rost_body,0.2530120481927711
is_bended,0.12539184952978044
is_violet,0.4521975532396919
