is_hollow,0.0
has_blume,0.4809688581314878
has_rost_head,0.41229656419529837
has_rost_body,0.19354838709677413
is_bended,0.7567896230239157
is_violet,0.7402597402597402
